avg_pkt_size,pkt_count,flow_duration_sec,bytes_per_sec,dst_port,protocol_tcp,protocol_udp,has_sni,inter_arrival_mean,inter_arrival_std,pkt_size_std,label,weight
383.83,6,0.3783,6087.79,443,1,0,0,75.66,142.32,587.23,NORMAL,1.0
542.67,3,0.001,1628000.0,62255,1,0,0,0.11,0.02,841.2,P2P_TRAFFIC,2.0
445.68,28,5.144,2425.95,443,1,0,1,190.52,389.42,597.33,NORMAL,1.0
78,2,0.001,156000.0,64715,1,0,0,0.0,0.0,25.46,P2P_TRAFFIC,2.0
60,2,0.001,120000.0,49677,1,0,0,0.0,0.0,0.0,P2P_TRAFFIC,2.0
60,2,0.001,120000.0,64713,1,0,0,0.11,0.0,0.0,P2P_TRAFFIC,2.0
331.32,25,0.1883,43978.51,443,1,0,1,7.85,18.75,486.08,NORMAL,1.0
66,2,0.001,132000.0,64717,1,0,0,0.05,0.0,16.97,P2P_TRAFFIC,2.0
60,2,0.001,120000.0,64718,1,0,0,0.0,0.0,0.0,P2P_TRAFFIC,2.0
56.8,5,90.6298,3.13,443,1,0,0,22657.45,25807.3,2.95,NORMAL,1.0
60,2,0.001,120000.0,64714,1,0,0,0.0,0.0,0.0,P2P_TRAFFIC,2.0
64.5,4,0.001,258000.0,60209,1,0,0,0.02,0.03,9.0,P2P_TRAFFIC,2.0
66,3,0.001,198000.0,60208,1,0,0,0.0,0.0,10.39,P2P_TRAFFIC,2.0
66,3,0.001,198000.0,60205,1,0,0,0.0,0.0,10.39,P2P_TRAFFIC,2.0
69,2,0.001,138000.0,60211,1,0,0,0.0,0.0,12.73,P2P_TRAFFIC,2.0
69,2,0.001,138000.0,60207,1,0,0,0.0,0.0,12.73,P2P_TRAFFIC,2.0
54,2,0.001,108000.0,443,1,0,0,0.27,0.0,0.0,NORMAL,1.0
230.11,28,7.0502,913.87,443,1,0,1,261.12,427.66,342.0,NORMAL,1.0
60,2,0.001,120000.0,64711,1,0,0,0.0,0.0,0.0,P2P_TRAFFIC,2.0
60,2,0.001,120000.0,60215,1,0,0,0.06,0.0,0.0,P2P_TRAFFIC,2.0
60,2,0.001,120000.0,60221,1,0,0,0.91,0.0,0.0,P2P_TRAFFIC,2.0
1061.8,5,0.0014,3833213.0,53847,1,0,0,0.35,0.42,1905.57,P2P_TRAFFIC,2.0
542.67,3,0.001,1628000.0,60650,1,0,0,0.42,0.47,841.2,P2P_TRAFFIC,2.0
60,2,0.001,120000.0,60220,1,0,0,0.04,0.0,0.0,P2P_TRAFFIC,2.0
66,2,0.001,132000.0,57482,1,0,0,0.05,0.0,16.97,P2P_TRAFFIC,2.0
60,2,0.001,120000.0,57477,1,0,0,0.08,0.0,0.0,P2P_TRAFFIC,2.0
60,2,0.001,120000.0,57485,1,0,0,0.06,0.0,0.0,P2P_TRAFFIC,2.0
55.75,4,84.2352,2.65,443,1,0,0,28078.4,24237.41,2.87,NORMAL,1.0
422,4,0.001,1688000.0,58626,1,0,0,0.19,0.16,728.01,P2P_TRAFFIC,2.0
542.67,3,0.001,1628000.0,65181,1,0,0,0.24,0.19,841.2,P2P_TRAFFIC,2.0
1245,3,0.0074,504661.53,65181,1,0,0,3.7,3.72,1531.27,P2P_TRAFFIC,2.0
66,2,0.001,132000.0,51762,1,0,0,0.1,0.0,16.97,P2P_TRAFFIC,2.0
69.5,2,0.001,139000.0,60365,1,0,0,0.1,0.0,21.92,P2P_TRAFFIC,2.0
69.5,2,0.001,139000.0,50708,1,0,0,0.09,0.0,21.92,P2P_TRAFFIC,2.0
66,2,0.001,132000.0,64821,1,0,0,0.05,0.0,16.97,P2P_TRAFFIC,2.0
528,3,0.0026,618508.4,51545,1,0,0,1.28,1.53,815.8,P2P_TRAFFIC,2.0
528,3,0.0021,766698.94,54538,1,0,0,1.03,1.34,815.8,P2P_TRAFFIC,2.0
787,4,0.001,3148000.0,51433,1,0,0,0.1,0.1,1458.0,P2P_TRAFFIC,2.0
72.5,2,0.001,145000.0,63070,1,0,0,0.0,0.0,17.68,P2P_TRAFFIC,2.0
375.06,32,61.0286,196.66,443,1,0,0,1968.67,8393.89,543.72,NORMAL,1.0
60,2,0.001,120000.0,50563,1,0,0,0.14,0.0,0.0,P2P_TRAFFIC,2.0
66,2,0.001,132000.0,50955,1,0,0,0.09,0.0,16.97,P2P_TRAFFIC,2.0
78,2,0.001,156000.0,57296,1,0,0,0.0,0.0,25.46,P2P_TRAFFIC,2.0
113.67,3,0.001,341000.0,64209,1,0,0,0.09,0.13,98.2,P2P_TRAFFIC,2.0
70.5,2,0.001,141000.0,64209,1,0,0,0.0,0.0,14.85,P2P_TRAFFIC,2.0
724.74,53,1.089,35273.07,443,1,0,1,20.94,131.2,810.62,NORMAL,1.0
130.33,3,0.0016,249521.38,52538,1,0,0,0.78,0.94,127.05,P2P_TRAFFIC,2.0
78,2,0.001,156000.0,52539,1,0,0,0.0,0.0,25.46,P2P_TRAFFIC,2.0
66,2,0.001,132000.0,52544,1,0,0,0.1,0.0,16.97,P2P_TRAFFIC,2.0
179,2,0.001,358000.0,63223,1,0,0,0.09,0.0,176.78,P2P_TRAFFIC,2.0
90.5,2,0.001,181000.0,62219,1,0,0,0.45,0.0,51.62,P2P_TRAFFIC,2.0
66,2,0.001,132000.0,63604,1,0,0,0.1,0.0,16.97,P2P_TRAFFIC,2.0
69.5,2,0.001,139000.0,57484,1,0,0,0.06,0.0,21.92,P2P_TRAFFIC,2.0
357.5,6,0.1515,14154.21,443,1,0,0,30.31,41.31,574.22,NORMAL,1.0
1496,3,0.001,4488000.0,53315,1,0,0,0.48,0.56,2492.42,P2P_TRAFFIC,2.0
1016,3,0.001,3048000.0,57223,1,0,0,0.43,0.55,1661.04,P2P_TRAFFIC,2.0
1016,3,0.0022,1380434.78,57425,1,0,0,1.1,1.48,1661.04,P2P_TRAFFIC,2.0
417,4,0.001,1668000.0,58871,1,0,0,0.21,0.29,718.01,P2P_TRAFFIC,2.0
1016,3,0.001,3048000.0,56343,1,0,0,0.34,0.28,1661.04,P2P_TRAFFIC,2.0
1419.33,3,0.001,4258000.0,49669,1,0,0,0.05,0.07,1469.18,P2P_TRAFFIC,2.0
60,2,0.001,120000.0,63119,1,0,0,0.0,0.0,0.0,P2P_TRAFFIC,2.0
66,2,0.001,132000.0,61131,1,0,0,0.09,0.0,16.97,P2P_TRAFFIC,2.0
268.67,3,0.001,806000.0,64195,1,0,0,0.03,0.05,366.63,P2P_TRAFFIC,2.0
69,2,0.001,138000.0,64195,1,0,0,0.0,0.0,12.73,P2P_TRAFFIC,2.0
268.67,3,0.001,806000.0,60681,1,0,0,0.03,0.04,366.63,P2P_TRAFFIC,2.0
69,2,0.001,138000.0,60681,1,0,0,0.32,0.0,12.73,P2P_TRAFFIC,2.0
69,2,0.001,138000.0,54301,1,0,0,0.09,0.0,12.73,P2P_TRAFFIC,2.0
54,2,0.002,54027.01,443,1,0,0,2.0,0.0,0.0,NORMAL,1.0
66,2,0.001,132000.0,54844,1,0,0,0.09,0.0,16.97,P2P_TRAFFIC,2.0
66,2,0.001,132000.0,50301,1,0,0,0.08,0.0,16.97,P2P_TRAFFIC,2.0
69,2,0.001,138000.0,63745,1,0,0,0.0,0.0,12.73,P2P_TRAFFIC,2.0
323,10,6.0059,537.8,443,1,0,1,667.32,1651.6,460.42,NORMAL,1.0
69,2,0.001,138000.0,53644,1,0,0,0.0,0.0,12.73,P2P_TRAFFIC,2.0
54,2,0.001,108000.0,443,1,0,0,0.27,0.0,0.0,NORMAL,1.0
69,2,0.001,138000.0,61226,1,0,0,0.0,0.0,12.73,P2P_TRAFFIC,2.0
60,2,0.001,120000.0,63505,1,0,0,0.06,0.0,0.0,P2P_TRAFFIC,2.0
66,2,0.001,132000.0,57516,1,0,0,0.09,0.0,16.97,P2P_TRAFFIC,2.0
60,2,0.001,120000.0,57066,1,0,0,0.05,0.0,0.0,P2P_TRAFFIC,2.0
54,2,4.8726,22.16,443,1,0,0,4872.56,0.0,0.0,NORMAL,1.0
735.35,20,65.5114,224.5,443,1,0,0,3447.97,11092.07,1595.45,NORMAL,1.0
385.1,20,60.9998,126.26,443,1,0,1,3210.52,10659.42,744.7,NORMAL,1.0
66,2,0.001,132000.0,51426,1,0,0,0.09,0.0,16.97,P2P_TRAFFIC,2.0
365.2,35,55.7425,229.3,443,1,0,1,1639.48,8229.67,491.64,ADWARE,2.0
66,2,0.001,132000.0,51933,1,0,0,0.06,0.0,16.97,P2P_TRAFFIC,2.0
350.19,16,60.5762,92.5,443,1,0,0,4038.42,11922.44,570.64,NORMAL,1.0
205.29,17,60.5744,57.62,56623,1,0,1,3785.9,11558.49,356.76,NORMAL,1.0
66,2,0.001,132000.0,51204,1,0,0,0.07,0.0,16.97,P2P_TRAFFIC,2.0
54,2,0.001,108000.0,443,1,0,0,0.16,0.0,0.0,NORMAL,1.0
69,2,0.001,138000.0,51032,1,0,0,0.0,0.0,12.73,P2P_TRAFFIC,2.0
466.15,20,67.07,139.0,443,1,0,1,3530.0,11052.24,759.47,NORMAL,1.0
54,2,12.0933,8.93,443,1,0,0,12093.29,0.0,0.0,NORMAL,1.0
60,2,0.001,120000.0,55620,1,0,0,0.13,0.0,0.0,P2P_TRAFFIC,2.0
66,2,0.001,132000.0,49373,1,0,0,0.09,0.0,16.97,P2P_TRAFFIC,2.0
54,2,0.001,108000.0,443,1,0,0,0.29,0.0,0.0,NORMAL,1.0
309.7,40,240.9849,51.41,443,1,0,1,6179.1,15336.99,582.75,ADWARE,2.0
69,2,0.001,138000.0,51591,1,0,0,0.0,0.0,12.73,P2P_TRAFFIC,2.0
339.69,36,240.0764,50.94,443,1,0,1,6859.33,16000.84,510.83,ADWARE,2.0
69,2,0.001,138000.0,64214,1,0,0,0.0,0.0,12.73,P2P_TRAFFIC,2.0
73.41,22,376.7258,4.29,443,1,0,0,17939.32,21998.7,43.13,NORMAL,1.0
60,2,0.001,120000.0,55619,1,0,0,0.0,0.0,0.0,P2P_TRAFFIC,2.0
